{
  "i18n/i18n.properties": 1767790479560,
  "controller/Employee.controller.js": 1769680437975,
  "controller/View1.controller.js": 1769080666886,
  "controller/Register.controller.js": 1769591600266,
  "controller/Manager.controller.js": 1769669694199,
  "model/models.js": 1767790479564,
  "controller/ApplyLeave.controller.js": 1769065151871,
  "controller/App.controller.js": 1769063424847,
  "manifest.json": 1769062295163,
  "Component.js": 1769065788480,
  "controller/App-dbg.controller.js": 1769063424847,
  "controller/App.controller.js.map": 1769687259672,
  "controller/View1-dbg.controller.js": 1769080666886,
  "controller/View1.controller.js.map": 1769687259694,
  "controller/Register-dbg.controller.js": 1769591600266,
  "controller/Register.controller.js.map": 1769687259696,
  "controller/Manager-dbg.controller.js": 1769669694199,
  "controller/Manager.controller.js.map": 1769687259722,
  "model/models-dbg.js": 1767790479564,
  "model/models.js.map": 1769687259675,
  "controller/ApplyLeave-dbg.controller.js": 1769065151871,
  "controller/ApplyLeave.controller.js.map": 1769687259696,
  "controller/Employee-dbg.controller.js": 1769680437975,
  "controller/Employee.controller.js.map": 1769687259732,
  "Component-dbg.js": 1769065788480,
  "Component.js.map": 1769687259697,
  "Component-preload.js": 1769687259875,
  "Component-preload.js.map": 1769687259875,
  "view/View1.view.xml": 1769667201538,
  "view/RequestDetail.fragment.xml": 1769680693453,
  "view/Register.view.xml": 1769667363460,
  "view/ManagerMessageDialog.fragment.xml": 1769680576156,
  "view/Manager.view.xml": 1769670096491,
  "view/Employee.view.xml": 1769679877925,
  "view/ApplyLeave.fragment.xml": 1768295259482,
  "view/App.view.xml": 1767790479568,
  "css/style.css": 1769667559914,
  "index.html": 1767790479560
}